{
  "input_nodes": 5,
  "hidden_nodes": 4,
  "output_nodes": 1,
  "weights_ih": {
    "rows": 4,
    "cols": 5,
    "data": [
      [
        0.8420710903899495,
        0.8091840627196933,
        -0.5745880225450684,
        -0.7517947333453199,
        0.5660460549513548
      ],
      [
        -0.3459454532846067,
        0.2552509536269758,
        0.18753590080296423,
        -0.2625635662681298,
        -0.50290952345238
      ],
      [
        -0.7816394072771375,
        -0.15959274031795312,
        -0.3646218849086833,
        -0.4109550039045895,
        -0.7273606622152426
      ],
      [
        0.9512640042194258,
        0.019094215198962504,
        0.6785642457336412,
        -0.29229948110143866,
        0.9930793075034092
      ]
    ]
  },
  "weights_ho": {
    "rows": 1,
    "cols": 4,
    "data": [
      [
        0.13957549300540784,
        -0.9100198085083163,
        0.5004114500515806,
        -0.9867150636240041
      ]
    ]
  },
  "bias_h": {
    "rows": 4,
    "cols": 1,
    "data": [
      [
        -0.2493607069211935
      ],
      [
        1.0166367671744603
      ],
      [
        -0.9368207548450322
      ],
      [
        -0.4389110369219722
      ]
    ]
  },
  "bias_o": {
    "rows": 1,
    "cols": 1,
    "data": [
      [
        1.1247993489504307
      ]
    ]
  },
  "learning_rate": 0.1,
  "activation_function": {}
}
