{
  "input_nodes": 5,
  "hidden_nodes": 4,
  "output_nodes": 1,
  "weights_ih": {
    "rows": 4,
    "cols": 5,
    "data": [
      [
        -0.40485570181511416,
        0.29898417456613924,
        -0.8226985194514711,
        0.3857545934688979,
        -0.40429613268599596
      ],
      [
        0.901716780457388,
        -0.24374642493366228,
        0.7086509909794416,
        0.26832357066473245,
        0.5522346363473657
      ],
      [
        0.4207741034164929,
        0.3582673600524102,
        -0.8870749602862298,
        -0.39252444286285915,
        0.025362552411531514
      ],
      [
        -0.7512664396681535,
        -0.6662708031166926,
        -0.318848540923113,
        -0.07932748475133655,
        -0.3334972470715107
      ]
    ]
  },
  "weights_ho": {
    "rows": 1,
    "cols": 4,
    "data": [
      [
        0.6070414333777503,
        0.00024111913983526634,
        -0.03025265190764248,
        0.3839047731557833
      ]
    ]
  },
  "bias_h": {
    "rows": 4,
    "cols": 1,
    "data": [
      [
        0.9198253004076871
      ],
      [
        0.3548877199019844
      ],
      [
        -0.4212418190268417
      ],
      [
        -0.16933204753162392
      ]
    ]
  },
  "bias_o": {
    "rows": 1,
    "cols": 1,
    "data": [
      [
        -0.4486903147394448
      ]
    ]
  },
  "learning_rate": 0.1,
  "activation_function": {}
}
