{
  "input_nodes": 5,
  "hidden_nodes": 4,
  "output_nodes": 1,
  "weights_ih": {
    "rows": 4,
    "cols": 5,
    "data": [
      [
        0.8182502850135204,
        0.9753497058977315,
        -0.5745880225450684,
        -0.7517947333453199,
        0.5660460549513548
      ],
      [
        -0.3459454532846067,
        0.2552509536269758,
        0.2360951843326785,
        -0.2625635662681298,
        -0.50290952345238
      ],
      [
        -0.7816394072771375,
        -0.15959274031795312,
        -0.2494549862843375,
        -0.4109550039045895,
        -0.7273606622152426
      ],
      [
        0.9512640042194258,
        -0.01882679921815056,
        0.6785642457336412,
        -0.35752669322815933,
        0.8658651177442
      ]
    ]
  },
  "weights_ho": {
    "rows": 1,
    "cols": 4,
    "data": [
      [
        0.13957549300540784,
        -0.8398991132814353,
        0.5004114500515806,
        -0.9816114518637691
      ]
    ]
  },
  "bias_h": {
    "rows": 4,
    "cols": 1,
    "data": [
      [
        -0.3426883050605313
      ],
      [
        0.19418056201711587
      ],
      [
        -0.3506212871792503
      ],
      [
        -0.7296835279911746
      ]
    ]
  },
  "bias_o": {
    "rows": 1,
    "cols": 1,
    "data": [
      [
        0.7885674976582073
      ]
    ]
  },
  "learning_rate": 0.1,
  "activation_function": {}
}
