{
  "input_nodes": 5,
  "hidden_nodes": 4,
  "output_nodes": 1,
  "weights_ih": {
    "rows": 4,
    "cols": 5,
    "data": [
      [
        0.8420710903899495,
        0.881771364866673,
        -0.5745880225450684,
        -0.8191494537705116,
        0.62173858018798
      ],
      [
        -0.3459454532846067,
        0.22868450445384672,
        0.1765801249515775,
        -0.12550108452784162,
        -0.50290952345238
      ],
      [
        -0.7670302130476365,
        -0.15959274031795312,
        -0.151764875305191,
        -0.49447545365283907,
        -0.7273606622152426
      ],
      [
        0.9512640042194258,
        0.05297421288521181,
        0.6785642457336412,
        -0.4639928047952452,
        0.7645820432903506
      ]
    ]
  },
  "weights_ho": {
    "rows": 1,
    "cols": 4,
    "data": [
      [
        0.21666377828926653,
        -0.8398991132814353,
        0.5281051656880237,
        -0.9816114518637691
      ]
    ]
  },
  "bias_h": {
    "rows": 4,
    "cols": 1,
    "data": [
      [
        0.9806511482541085
      ],
      [
        0.7397319593814389
      ],
      [
        -1.0033505316762419
      ],
      [
        0.291153167915543
      ]
    ]
  },
  "bias_o": {
    "rows": 1,
    "cols": 1,
    "data": [
      [
        1.0380729697080953
      ]
    ]
  },
  "learning_rate": 0.1,
  "activation_function": {}
}
