{
  "input_nodes": 5,
  "hidden_nodes": 4,
  "output_nodes": 1,
  "weights_ih": {
    "rows": 4,
    "cols": 5,
    "data": [
      [
        0.560107197160632,
        0.8494941233548796,
        -0.5745880225450684,
        -0.9375827754630494,
        0.6247984801187413
      ],
      [
        -0.29864149329793055,
        0.2552509536269758,
        0.013881554963741827,
        -0.2625635662681298,
        -0.7668984834103425
      ],
      [
        -0.7816394072771375,
        -0.15959274031795312,
        -0.2494549862843375,
        -0.4109550039045895,
        -0.5612398772015799
      ],
      [
        0.9512640042194258,
        -0.01882679921815056,
        0.682159301178282,
        -0.35752669322815933,
        1.067652645105606
      ]
    ]
  },
  "weights_ho": {
    "rows": 1,
    "cols": 4,
    "data": [
      [
        0.13957549300540784,
        -0.8398991132814353,
        0.5004114500515806,
        -0.9816114518637691
      ]
    ]
  },
  "bias_h": {
    "rows": 4,
    "cols": 1,
    "data": [
      [
        0.6684796168615864
      ],
      [
        0.9890329384663076
      ],
      [
        -1.034037711664484
      ],
      [
        0.2198593841930599
      ]
    ]
  },
  "bias_o": {
    "rows": 1,
    "cols": 1,
    "data": [
      [
        1.1516692035382856
      ]
    ]
  },
  "learning_rate": 0.1,
  "activation_function": {}
}
