{
  "input_nodes": 5,
  "hidden_nodes": 4,
  "output_nodes": 1,
  "weights_ih": {
    "rows": 4,
    "cols": 5,
    "data": [
      [
        0.8641348075156251,
        1.0673255761281004,
        -0.44900901649114144,
        -0.7517947333453199,
        0.5660460549513548
      ],
      [
        -0.3459454532846067,
        0.2552509536269758,
        0.1765801249515775,
        -0.16995203954382962,
        -0.50290952345238
      ],
      [
        -0.823742487747166,
        -0.3352976174750936,
        -0.2494549862843375,
        -0.4109550039045895,
        -0.5612398772015799
      ],
      [
        0.8845961365798464,
        -0.01882679921815056,
        0.7619545158622227,
        -0.35752669322815933,
        0.859386521414132
      ]
    ]
  },
  "weights_ho": {
    "rows": 1,
    "cols": 4,
    "data": [
      [
        0.13957549300540784,
        -0.7438086287961317,
        0.5004114500515806,
        -1.2632600148859403
      ]
    ]
  },
  "bias_h": {
    "rows": 4,
    "cols": 1,
    "data": [
      [
        1.1155597655603584
      ],
      [
        0.7024260457608231
      ],
      [
        -0.47783115223210987
      ],
      [
        -0.022362466805730008
      ]
    ]
  },
  "bias_o": {
    "rows": 1,
    "cols": 1,
    "data": [
      [
        1.1681121346072243
      ]
    ]
  },
  "learning_rate": 0.1,
  "activation_function": {}
}
