{
  "input_nodes": 5,
  "hidden_nodes": 4,
  "output_nodes": 1,
  "weights_ih": {
    "rows": 4,
    "cols": 5,
    "data": [
      [
        0.8420710903899495,
        0.8494941233548796,
        -0.5745880225450684,
        -0.7517947333453199,
        0.6234510999974643
      ],
      [
        -0.3459454532846067,
        0.2552509536269758,
        0.1765801249515775,
        -0.2625635662681298,
        -0.5311485479713651
      ],
      [
        -0.7670302130476365,
        -0.15959274031795312,
        -0.151764875305191,
        -0.49447545365283907,
        -0.7273606622152426
      ],
      [
        0.9512640042194258,
        0.05297421288521181,
        0.6785642457336412,
        -0.35752669322815933,
        0.7645820432903506
      ]
    ]
  },
  "weights_ho": {
    "rows": 1,
    "cols": 4,
    "data": [
      [
        0.20816727767032944,
        -0.8398991132814353,
        0.5364691014700125,
        -0.9816114518637691
      ]
    ]
  },
  "bias_h": {
    "rows": 4,
    "cols": 1,
    "data": [
      [
        0.8010960961198536
      ],
      [
        0.700814907680933
      ],
      [
        -0.7052823035187433
      ],
      [
        0.3558843418986623
      ]
    ]
  },
  "bias_o": {
    "rows": 1,
    "cols": 1,
    "data": [
      [
        1.0375504645489357
      ]
    ]
  },
  "learning_rate": 0.1,
  "activation_function": {}
}
