{
  "input_nodes": 5,
  "hidden_nodes": 4,
  "output_nodes": 1,
  "weights_ih": {
    "rows": 4,
    "cols": 5,
    "data": [
      [
        0.8420710903899495,
        0.8494941233548796,
        -0.5745880225450684,
        -0.6255168356679555,
        0.6234510999974643
      ],
      [
        -0.3459454532846067,
        0.2552509536269758,
        0.18435565268358198,
        -0.26015420872437384,
        -0.5188658809515065
      ],
      [
        -0.7027121359992553,
        -0.2498596535215253,
        -0.151764875305191,
        -0.49447545365283907,
        -0.7609972341181417
      ],
      [
        0.9512640042194258,
        0.05297421288521181,
        0.9717028309359816,
        -0.35752669322815933,
        0.7755716293716409
      ]
    ]
  },
  "weights_ho": {
    "rows": 1,
    "cols": 4,
    "data": [
      [
        0.13957549300540784,
        -0.9308816966994267,
        0.5364691014700125,
        -0.993403075919596
      ]
    ]
  },
  "bias_h": {
    "rows": 4,
    "cols": 1,
    "data": [
      [
        0.0404362929482548
      ],
      [
        2.513431517848947
      ],
      [
        0.13877456279792977
      ],
      [
        0.5080618783488088
      ]
    ]
  },
  "bias_o": {
    "rows": 1,
    "cols": 1,
    "data": [
      [
        1.4182309727623206
      ]
    ]
  },
  "learning_rate": 0.1,
  "activation_function": {}
}
